image_001.jpg	pas chat
image_002.jpg	pas chat
image_003.jpg	pas chat
image_004.jpg	pas chat
image_005.jpg	chat
image_006.jpg	pas chat
image_007.jpg	pas chat
image_008.jpg	pas chat
image_009.jpg	pas chat
image_010.jpg	pas chat
image_011.jpg	pas chat
image_012.jpg	pas chat
image_013.jpg	pas chat
image_014.jpg	pas chat
image_015.jpg	pas chat
image_016.jpg	pas chat
image_017.jpg	pas chat
image_018.jpg	pas chat
image_019.jpg	pas chat
image_020.jpg	pas chat
image_021.jpg	pas chat
image_022.jpg	pas chat
image_023.jpg	pas chat
image_024.jpg	pas chat
image_025.jpg	pas chat
image_026.jpg	pas chat
image_027.jpg	pas chat
image_028.jpg	pas chat
image_029.jpg	pas chat
image_030.jpg	pas chat
image_031.jpg	pas chat
image_032.jpg	pas chat
image_033.jpg	pas chat
image_034.jpg	pas chat
image_035.jpg	pas chat
image_036.jpg	pas chat
image_037.jpg	chat
image_038.jpg	pas chat
image_039.jpg	pas chat
image_040.jpg	pas chat
image_041.jpg	pas chat
image_042.jpg	pas chat
image_043.jpg	pas chat
image_044.jpg	pas chat
image_045.jpg	pas chat
image_046.jpg	pas chat
image_047.jpg	pas chat
image_048.jpg	pas chat
image_049.jpg	pas chat
image_050.jpg	pas chat
image_051.jpg	pas chat
image_052.jpg	pas chat
image_053.jpg	pas chat
image_054.jpg	pas chat
image_055.jpg	pas chat
image_056.jpg	chat
image_057.jpg	pas chat
image_058.jpg	pas chat
image_059.jpg	pas chat
image_060.jpg	pas chat
image_061.jpg	pas chat
image_062.jpg	pas chat
image_063.jpg	pas chat
image_064.jpg	pas chat
image_065.jpg	pas chat
image_066.jpg	pas chat
image_067.jpg	pas chat
image_068.jpg	pas chat
image_069.jpg	pas chat
image_070.jpg	pas chat
image_071.jpg	pas chat
image_072.jpg	pas chat
image_073.jpg	pas chat
image_074.jpg	pas chat
image_075.jpg	pas chat
image_076.jpg	pas chat
image_077.jpg	pas chat
image_078.jpg	chat
image_079.jpg	pas chat
image_080.jpg	pas chat
image_081.jpg	pas chat
image_082.jpg	pas chat
image_083.jpg	pas chat
image_084.jpg	pas chat
image_085.jpg	pas chat
image_086.jpg	pas chat
image_087.jpg	pas chat
image_088.jpg	pas chat
image_089.jpg	chat
image_090.jpg	pas chat
image_091.jpg	pas chat
image_092.jpg	pas chat
image_093.jpg	pas chat
image_094.jpg	pas chat
image_095.jpg	pas chat
image_096.jpg	pas chat
image_097.jpg	pas chat
image_098.jpg	pas chat
image_099.jpg	pas chat
image_100.jpg	pas chat
